--
-- PostgreSQL database dump
--

\restrict NJ2ExabCTRhDoCEXH5LSYzLJgtc8rAYXWH1Lgng9SZWlxkdE54kvPZRJiPeQe9T

-- Dumped from database version 18.2
-- Dumped by pg_dump version 18.2

SET statement_timeout = 0;
SET lock_timeout = 0;
SET idle_in_transaction_session_timeout = 0;
SET transaction_timeout = 0;
SET client_encoding = 'UTF8';
SET standard_conforming_strings = on;
SELECT pg_catalog.set_config('search_path', '', false);
SET check_function_bodies = false;
SET xmloption = content;
SET client_min_messages = warning;
SET row_security = off;

--
-- Data for Name: _prisma_migrations; Type: TABLE DATA; Schema: public; Owner: postgres
--

INSERT INTO public._prisma_migrations (id, checksum, finished_at, migration_name, logs, rolled_back_at, started_at, applied_steps_count) VALUES ('bf33beca-8ef3-47db-a7d5-785514142fad', '344f0a08499e1c5bdc4a8ed0ce127f936606689b4acde3a51307d1f5ab0fd9c7', '2026-02-17 12:52:57.442066+05:30', '20260123082238_init', NULL, NULL, '2026-02-17 12:52:57.361988+05:30', 1);
INSERT INTO public._prisma_migrations (id, checksum, finished_at, migration_name, logs, rolled_back_at, started_at, applied_steps_count) VALUES ('ab15c1d1-58e0-4db4-b966-89760ffcd8f7', 'a751881784386c4bf83db8dce2c2a9b144f515c789e29bb2bb0aa26cb59e95b9', '2026-02-17 12:52:57.445971+05:30', '20260127115527_add_invite_token_to_coach', NULL, NULL, '2026-02-17 12:52:57.442699+05:30', 1);
INSERT INTO public._prisma_migrations (id, checksum, finished_at, migration_name, logs, rolled_back_at, started_at, applied_steps_count) VALUES ('9c09d9e7-c556-4a54-a7cf-9b0e210c50d1', 'ac979fe088288ad4fc0bf1dff9b93fc4eb0bf8d69f73b9a866f1d3ac9f8da576', '2026-02-17 12:52:57.448781+05:30', '20260128120000_add_application_extended_fields', NULL, NULL, '2026-02-17 12:52:57.446721+05:30', 1);
INSERT INTO public._prisma_migrations (id, checksum, finished_at, migration_name, logs, rolled_back_at, started_at, applied_steps_count) VALUES ('a98a4e8d-a2cd-4e6d-b0e2-12b4cfdf7afb', '06da4b284d82bdd0236d4893a4d8c60e47974ed0f6a7738c183e196824c98a20', '2026-02-17 12:52:57.450886+05:30', '20260128123000_add_emergency_contacts_json', NULL, NULL, '2026-02-17 12:52:57.449281+05:30', 1);
INSERT INTO public._prisma_migrations (id, checksum, finished_at, migration_name, logs, rolled_back_at, started_at, applied_steps_count) VALUES ('ac2c6342-c6e5-4aab-83f7-520f7a88e280', '82c449ef5fcf59dab8cfb76dc07623e19ec8d2cfb5f6fe3185758108cf088fdf', '2026-02-17 12:52:57.454133+05:30', '20260128130000_add_district_fields', NULL, NULL, '2026-02-17 12:52:57.451563+05:30', 1);
INSERT INTO public._prisma_migrations (id, checksum, finished_at, migration_name, logs, rolled_back_at, started_at, applied_steps_count) VALUES ('6f6ec576-b63f-4e55-9fa5-f7e98b863a74', '8687dcc774a792b6114251d6e78eb55c0e96569bf09c32cd2ea748a22f693ca4', '2026-02-17 12:52:57.45606+05:30', '20260128131500_add_document_notes', NULL, NULL, '2026-02-17 12:52:57.454653+05:30', 1);
INSERT INTO public._prisma_migrations (id, checksum, finished_at, migration_name, logs, rolled_back_at, started_at, applied_steps_count) VALUES ('38da94e2-e2be-4d54-90b1-ebd563b13885', 'e2e07aef6acf88f2e806025839ff7c0fdf15ba9f6b74d8d0c89603ceb9bc3911', '2026-02-17 18:18:32.681756+05:30', '20260217124832_team_creation_requests', NULL, NULL, '2026-02-17 18:18:32.578169+05:30', 1);
INSERT INTO public._prisma_migrations (id, checksum, finished_at, migration_name, logs, rolled_back_at, started_at, applied_steps_count) VALUES ('29b91322-064a-4f70-b4af-db492ab9ab48', 'ae1dbf2d9059311a9eac8b544ab2146b28f17edc09f14a02fc273d0a43d66657', '2026-02-18 13:00:14.222797+05:30', '20260218100000_add_sport_to_player_application', NULL, NULL, '2026-02-18 13:00:14.20177+05:30', 1);
INSERT INTO public._prisma_migrations (id, checksum, finished_at, migration_name, logs, rolled_back_at, started_at, applied_steps_count) VALUES ('2ef74619-dcf1-4dfe-a8f3-b9efe7fbb193', '2860c958bb3232a2efaa03cb6554bcee149a1ba8edd87d12a2d28bb3cec24160', '2026-02-18 16:53:17.369843+05:30', '20260218112317_add_medical_fields_to_trial', NULL, NULL, '2026-02-18 16:53:17.356954+05:30', 1);
INSERT INTO public._prisma_migrations (id, checksum, finished_at, migration_name, logs, rolled_back_at, started_at, applied_steps_count) VALUES ('dae2f522-9678-4af2-b821-c0b35581ed2f', '7283c66cea5542e3bff8c94bf8bbd30b52eea777ea2946747d6482a9a511b31b', '2026-02-23 17:39:00.536725+05:30', '20260223120900_add_aadhaar_number', NULL, NULL, '2026-02-23 17:39:00.523955+05:30', 1);
INSERT INTO public._prisma_migrations (id, checksum, finished_at, migration_name, logs, rolled_back_at, started_at, applied_steps_count) VALUES ('90fe65fa-5b98-4103-a9d8-e60da6089525', '1db73a62e26cf0def52c1f72d29efab810ea8d4f0a6baeb29100fa5be20b9960', '2026-02-24 17:20:40.377215+05:30', '20260224115040_add_aadhaar_verified_to_trial', NULL, NULL, '2026-02-24 17:20:40.365731+05:30', 1);
INSERT INTO public._prisma_migrations (id, checksum, finished_at, migration_name, logs, rolled_back_at, started_at, applied_steps_count) VALUES ('70883ce5-6b60-4ec3-a16e-e40694b93be4', '689b0e1a09e5f0afef222a1bf768b511b3028ff4ef61e31d886b8e9a7d8229d5', '2026-02-24 18:14:50.350632+05:30', '20260224124450_add_tournament_module', NULL, NULL, '2026-02-24 18:14:50.211064+05:30', 1);
INSERT INTO public._prisma_migrations (id, checksum, finished_at, migration_name, logs, rolled_back_at, started_at, applied_steps_count) VALUES ('d81a76e2-d481-4a6c-b349-38e853497cc7', '8fd35fdd647fe31c1099304811dd0c9d2690cf502c6f2f3b4a448350c2c23667', '2026-02-25 13:19:42.294537+05:30', '20260225074942_add_tournament_venue_format_and_referee_assignment', NULL, NULL, '2026-02-25 13:19:42.184418+05:30', 1);


--
-- Data for Name: users; Type: TABLE DATA; Schema: public; Owner: postgres
--

INSERT INTO public.users (id, phone, email, "mpinHash", role, status, "mpinAttempts", "mpinLockedUntil", "otpCode", "otpExpiresAt", "otpVerified", "createdAt", "updatedAt", "lastLoginAt", "displayName") VALUES ('cmlta62eb000013wgzq93awae', '8888888888', '', NULL, 'COACH', 'INVITED', 0, NULL, '798410', '2026-02-19 10:00:37.494', false, '2026-02-19 09:50:37.474', '2026-02-19 09:50:37.496', NULL, NULL);
INSERT INTO public.users (id, phone, email, "mpinHash", role, status, "mpinAttempts", "mpinLockedUntil", "otpCode", "otpExpiresAt", "otpVerified", "createdAt", "updatedAt", "lastLoginAt", "displayName") VALUES ('cmm1qpq1w0000ea922bd2q6u0', '6677667788', NULL, '$2a$10$Pn8/xussP3ar9PJRG1Lbr.xhwvMN8.DLEVr2qFhOYgbKV2.kv0KlG', 'REFEREE', 'ACTIVE', 0, NULL, NULL, NULL, false, '2026-02-25 07:55:57.859', '2026-02-25 07:55:57.859', NULL, 'Refree A');
INSERT INTO public.users (id, phone, email, "mpinHash", role, status, "mpinAttempts", "mpinLockedUntil", "otpCode", "otpExpiresAt", "otpVerified", "createdAt", "updatedAt", "lastLoginAt", "displayName") VALUES ('cmkqm5pvr0000hrlxpwduutwf', '9999999999', NULL, '$2a$10$VOlqJ7eUHzsfGeaSo4FOkuD.8FGttGh59UeI5O1UZPFjFSGUl92Ju', 'ADMIN', 'ACTIVE', 0, NULL, NULL, NULL, true, '2026-01-23 08:23:15.783', '2026-02-25 07:57:23.147', '2026-02-25 07:57:23.144', NULL);
INSERT INTO public.users (id, phone, email, "mpinHash", role, status, "mpinAttempts", "mpinLockedUntil", "otpCode", "otpExpiresAt", "otpVerified", "createdAt", "updatedAt", "lastLoginAt", "displayName") VALUES ('cmlywyspz0005g64kr2r7sy1y', '7000070000', NULL, '$2a$10$JaeiQFUbNRzw3y2ehpOA4OTpuvh8L50hKkismD5NxNdUB6SwaMaj2', 'USER', 'ACTIVE', 0, NULL, NULL, NULL, true, '2026-02-23 08:27:40.391', '2026-02-23 08:28:17.89', '2026-02-23 08:28:17.889', NULL);
INSERT INTO public.users (id, phone, email, "mpinHash", role, status, "mpinAttempts", "mpinLockedUntil", "otpCode", "otpExpiresAt", "otpVerified", "createdAt", "updatedAt", "lastLoginAt", "displayName") VALUES ('cmlqmilcl0000101i329r21t1', '8876953679', NULL, '$2a$10$dcXO/5njx3/Sx9LE2ub26O95HxpalPN3.SgigAMfIFFZ6zLWi3gBy', 'USER', 'ACTIVE', 0, NULL, NULL, NULL, true, '2026-02-17 13:12:58.774', '2026-02-20 08:34:49.522', '2026-02-20 08:34:49.52', NULL);
INSERT INTO public.users (id, phone, email, "mpinHash", role, status, "mpinAttempts", "mpinLockedUntil", "otpCode", "otpExpiresAt", "otpVerified", "createdAt", "updatedAt", "lastLoginAt", "displayName") VALUES ('cmls215u4000eab4to3r28al3', '6767787678', NULL, '$2a$10$ZEU0TvIkyHEDWLJrUJXobOJmtCUO0P0Sc0m5Ffd/ACcOsSH2n6C3m', 'PLAYER', 'ACTIVE', 0, NULL, NULL, NULL, true, '2026-02-18 13:15:05.549', '2026-02-19 07:05:40.475', '2026-02-19 07:05:40.473', NULL);
INSERT INTO public.users (id, phone, email, "mpinHash", role, status, "mpinAttempts", "mpinLockedUntil", "otpCode", "otpExpiresAt", "otpVerified", "createdAt", "updatedAt", "lastLoginAt", "displayName") VALUES ('cmlrmm2wq0000tf8t4dfv60w5', '7878786876', NULL, '$2a$10$JF0XiPAUIIDFKc9sg7i0PuB2wb3rL/UtQEu3PLe09jfHqUyG/mM4i', 'PLAYER', 'ACTIVE', 0, NULL, NULL, NULL, true, '2026-02-18 06:03:27.674', '2026-02-18 13:00:29.162', '2026-02-18 13:00:29.16', NULL);
INSERT INTO public.users (id, phone, email, "mpinHash", role, status, "mpinAttempts", "mpinLockedUntil", "otpCode", "otpExpiresAt", "otpVerified", "createdAt", "updatedAt", "lastLoginAt", "displayName") VALUES ('cmltcgpyc000au65m5m2di35v', '6767676767', NULL, '$2a$10$pYO3Xyn6cO6B2GTBmObLQO7PXRTocbx3j9/qh.tyjm4q5/XVUsiHW', 'PLAYER', 'ACTIVE', 0, NULL, NULL, NULL, true, '2026-02-19 10:54:53.796', '2026-02-19 11:04:24.338', '2026-02-19 11:04:24.336', NULL);
INSERT INTO public.users (id, phone, email, "mpinHash", role, status, "mpinAttempts", "mpinLockedUntil", "otpCode", "otpExpiresAt", "otpVerified", "createdAt", "updatedAt", "lastLoginAt", "displayName") VALUES ('cmlxnho640000tgctjus0p1bu', '9888788789', NULL, '$2a$10$4D/S0Q/eSX4p42qb1hpVQuOMA/SgIDD1kJYjmNzKpXHS0VJcZNnzq', 'PLAYER', 'ACTIVE', 0, NULL, NULL, NULL, true, '2026-02-22 11:14:38.62', '2026-02-22 11:53:05.39', '2026-02-22 11:53:05.389', NULL);
INSERT INTO public.users (id, phone, email, "mpinHash", role, status, "mpinAttempts", "mpinLockedUntil", "otpCode", "otpExpiresAt", "otpVerified", "createdAt", "updatedAt", "lastLoginAt", "displayName") VALUES ('cmkw5jt9r0004j5zdnv6wjx0s', '9859641115', '', '$2a$10$Ae8Cpcu0IV4SVi6kQoTuR.z2fo0dYLjYTMpf/RUQK2o.Uf1NqU3ei', 'COACH', 'ACTIVE', 0, NULL, '266877', '2026-01-27 05:34:56.949', false, '2026-01-27 05:24:56.944', '2026-02-19 11:07:10.3', '2026-02-19 11:07:10.298', NULL);
INSERT INTO public.users (id, phone, email, "mpinHash", role, status, "mpinAttempts", "mpinLockedUntil", "otpCode", "otpExpiresAt", "otpVerified", "createdAt", "updatedAt", "lastLoginAt", "displayName") VALUES ('cmltbxdaz0001u65m2pqe7sdd', '7777788888', NULL, '$2a$10$AsMz7yK9HqGGo6gSlk6WJuCufGcEOqJbM2C7CC3i0zKVlga1BthjO', 'COACH', 'ACTIVE', 0, NULL, NULL, NULL, false, '2026-02-19 10:39:50.938', '2026-02-24 12:57:23.191', '2026-02-24 12:57:23.19', NULL);
INSERT INTO public.users (id, phone, email, "mpinHash", role, status, "mpinAttempts", "mpinLockedUntil", "otpCode", "otpExpiresAt", "otpVerified", "createdAt", "updatedAt", "lastLoginAt", "displayName") VALUES ('cmlysyxzy0004g64k5kgy2ekw', '6000060000', 'dummyuser1111@gmail.com', '$2a$10$gEKhdbohyRx4YHs1Kbjx7epDGhkoKYrR5csBUal05.R0/byDndQt6', 'USER', 'ACTIVE', 0, NULL, NULL, NULL, true, '2026-02-23 06:35:48.766', '2026-02-24 05:08:19.174', '2026-02-24 05:08:19.172', NULL);


--
-- Data for Name: coaches; Type: TABLE DATA; Schema: public; Owner: postgres
--

INSERT INTO public.coaches (id, "coachId", "userId", sport, "ageGroups", "coachingRole", "specializationTags", "yearsExperience", "licenseType", "licenseNumber", "licenseIssuedBy", "licenseExpiry", "licenseStatus", "licenseDocumentUrl", "certificateUrl", status, "invitedBy", "activatedBy", "activatedAt", "displayName", photo, bio, "createdAt", "updatedAt", "inviteToken") VALUES ('cmkw5jt9u0006j5zddrphaf1i', 'COA-948A', 'cmkw5jt9r0004j5zdnv6wjx0s', 'FOOTBALL', '[]', 'ASSISTANT', '[]', NULL, NULL, NULL, NULL, NULL, 'PENDING', NULL, NULL, 'ACTIVE', 'cmkqm5pvr0000hrlxpwduutwf', 'cmkqm5pvr0000hrlxpwduutwf', '2026-01-27 05:50:19.987', NULL, NULL, NULL, '2026-01-27 05:24:56.947', '2026-01-27 05:50:19.988', NULL);
INSERT INTO public.coaches (id, "coachId", "userId", sport, "ageGroups", "coachingRole", "specializationTags", "yearsExperience", "licenseType", "licenseNumber", "licenseIssuedBy", "licenseExpiry", "licenseStatus", "licenseDocumentUrl", "certificateUrl", status, "invitedBy", "activatedBy", "activatedAt", "displayName", photo, bio, "createdAt", "updatedAt", "inviteToken") VALUES ('cmlta62em000213wgrzry6qin', 'COA-6CC4', 'cmlta62eb000013wgzq93awae', 'FOOTBALL', '[]', 'ASSISTANT', '[]', NULL, NULL, NULL, NULL, NULL, 'PENDING', NULL, NULL, 'INVITED', 'cmkqm5pvr0000hrlxpwduutwf', NULL, NULL, NULL, NULL, NULL, '2026-02-19 09:50:37.486', '2026-02-19 09:50:37.486', '62a1446df086440e83e4d8c234779c4a');
INSERT INTO public.coaches (id, "coachId", "userId", sport, "ageGroups", "coachingRole", "specializationTags", "yearsExperience", "licenseType", "licenseNumber", "licenseIssuedBy", "licenseExpiry", "licenseStatus", "licenseDocumentUrl", "certificateUrl", status, "invitedBy", "activatedBy", "activatedAt", "displayName", photo, bio, "createdAt", "updatedAt", "inviteToken") VALUES ('cmltbxdb10003u65mjhdatm9y', 'COA-AC99', 'cmltbxdaz0001u65m2pqe7sdd', 'FOOTBALL', '[]', 'ASSISTANT', NULL, NULL, NULL, NULL, NULL, NULL, 'PENDING', NULL, NULL, 'ACTIVE', NULL, NULL, NULL, 'Vjay', NULL, NULL, '2026-02-19 10:39:50.941', '2026-02-19 10:39:50.941', NULL);


--
-- Data for Name: documents; Type: TABLE DATA; Schema: public; Owner: postgres
--

INSERT INTO public.documents (id, "ownerType", "ownerId", "documentType", "fileUrl", "fileName", "fileSize", "mimeType", "verificationStatus", "verifiedBy", "verifiedAt", "rejectionReason", "createdAt", "updatedAt", notes) VALUES ('cmlqn8wbl0000r73vi1jgg5xn', 'PLAYER_APPLICATION', 'cmlqmox5g0002101i2ehs1ndi', 'ID_PROOF', '/uploads/file-1771335206028-970805366.png', 'buiding.png', 1310789, 'image/png', 'PENDING', NULL, NULL, NULL, '2026-02-17 13:33:26.049', '2026-02-17 13:33:26.049', NULL);
INSERT INTO public.documents (id, "ownerType", "ownerId", "documentType", "fileUrl", "fileName", "fileSize", "mimeType", "verificationStatus", "verifiedBy", "verifiedAt", "rejectionReason", "createdAt", "updatedAt", notes) VALUES ('cmlrz5kix0001ifnwuupzqv2t', 'PLAYER_APPLICATION', 'cmlrnenhl0002tf8thdrj25q1', 'MEDICAL_REPORT_FOOTBALL', '/uploads/medicalReport-1771415672352-382639584.png', 'thumbnail.png', 27995, 'image/png', 'VERIFIED', 'cmkw5jt9r0004j5zdnv6wjx0s', '2026-02-18 11:54:32.361', NULL, '2026-02-18 11:54:32.362', '2026-02-18 11:54:32.362', 'Uploaded by coach from medical check section');
INSERT INTO public.documents (id, "ownerType", "ownerId", "documentType", "fileUrl", "fileName", "fileSize", "mimeType", "verificationStatus", "verifiedBy", "verifiedAt", "rejectionReason", "createdAt", "updatedAt", notes) VALUES ('cmls1qa8y000cab4t5gi8mkai', 'PLAYER_APPLICATION', 'cmls1pb7a0006ab4tshvgfc2n', 'MEDICAL_REPORT_FOOTBALL', '/uploads/medicalReport-1771419998042-586660103.png', 'thumbnail.png', 27995, 'image/png', 'VERIFIED', 'cmkw5jt9r0004j5zdnv6wjx0s', '2026-02-18 13:06:38.048', NULL, '2026-02-18 13:06:38.05', '2026-02-18 13:06:38.05', 'Uploaded by coach from medical check section');
INSERT INTO public.documents (id, "ownerType", "ownerId", "documentType", "fileUrl", "fileName", "fileSize", "mimeType", "verificationStatus", "verifiedBy", "verifiedAt", "rejectionReason", "createdAt", "updatedAt", notes) VALUES ('cmls27w90000iab4t7pq45gs9', 'PLAYER_APPLICATION', 'cmls27w8j000gab4tvmb2ll88', 'ID_PROOF', '/uploads/file-1771420819710-173751262.jpg', '360_F_378432516_6IlKiCLDAqSCGcfc6o8VqWhND51XqfFm.jpg', 18691, 'image/jpeg', 'VERIFIED', 'cmls215u4000eab4to3r28al3', '2026-02-18 13:20:19.715', NULL, '2026-02-18 13:20:19.717', '2026-02-18 13:20:19.717', NULL);
INSERT INTO public.documents (id, "ownerType", "ownerId", "documentType", "fileUrl", "fileName", "fileSize", "mimeType", "verificationStatus", "verifiedBy", "verifiedAt", "rejectionReason", "createdAt", "updatedAt", notes) VALUES ('cmls2gu2c000mab4to6k4bsma', 'PLAYER_APPLICATION', 'cmls27w8j000gab4tvmb2ll88', 'MEDICAL_REPORT_FOOTBALL', '/uploads/medicalReport-1771421236769-145649378.png', 'thumbnail.png', 27995, 'image/png', 'VERIFIED', 'cmkw5jt9r0004j5zdnv6wjx0s', '2026-02-18 13:27:16.787', NULL, '2026-02-18 13:27:16.789', '2026-02-18 13:27:16.789', 'Uploaded by coach from medical check section');
INSERT INTO public.documents (id, "ownerType", "ownerId", "documentType", "fileUrl", "fileName", "fileSize", "mimeType", "verificationStatus", "verifiedBy", "verifiedAt", "rejectionReason", "createdAt", "updatedAt", notes) VALUES ('cmltcnh19000eu65mqhm2aalx', 'PLAYER_APPLICATION', 'cmltcnh05000cu65movnj9h5w', 'ID_PROOF', '/uploads/file-1771498808822-280609517.jpg', '4a5c2f2a828314d79432bb91afeb3ef3.jpg', 10175, 'image/jpeg', 'VERIFIED', 'cmltcgpyc000au65m5m2di35v', '2026-02-19 11:00:08.828', NULL, '2026-02-19 11:00:08.829', '2026-02-19 11:00:08.829', NULL);
INSERT INTO public.documents (id, "ownerType", "ownerId", "documentType", "fileUrl", "fileName", "fileSize", "mimeType", "verificationStatus", "verifiedBy", "verifiedAt", "rejectionReason", "createdAt", "updatedAt", notes) VALUES ('cmltcnmqs000gu65mfrbuldlo', 'PLAYER_APPLICATION', 'cmltcnh05000cu65movnj9h5w', 'ID_PROOF', '/uploads/file-1771498816223-360226135.jpg', '4a5c2f2a828314d79432bb91afeb3ef3.jpg', 10175, 'image/jpeg', 'VERIFIED', 'cmltcgpyc000au65m5m2di35v', '2026-02-19 11:00:16.227', NULL, '2026-02-19 11:00:16.229', '2026-02-19 11:00:16.229', NULL);
INSERT INTO public.documents (id, "ownerType", "ownerId", "documentType", "fileUrl", "fileName", "fileSize", "mimeType", "verificationStatus", "verifiedBy", "verifiedAt", "rejectionReason", "createdAt", "updatedAt", notes) VALUES ('cmltcptwm000ku65mkzo2cn4q', 'PLAYER_APPLICATION', 'cmltcnh05000cu65movnj9h5w', 'MEDICAL_REPORT_FOOTBALL', '/uploads/medicalReport-1771498918812-563901489.png', 'thumbnail.png', 27995, 'image/png', 'VERIFIED', 'cmltbxdaz0001u65m2pqe7sdd', '2026-02-19 11:01:58.82', NULL, '2026-02-19 11:01:58.822', '2026-02-19 11:01:58.822', 'Uploaded by coach from medical check section');
INSERT INTO public.documents (id, "ownerType", "ownerId", "documentType", "fileUrl", "fileName", "fileSize", "mimeType", "verificationStatus", "verifiedBy", "verifiedAt", "rejectionReason", "createdAt", "updatedAt", notes) VALUES ('cmlxnugjf0004tgctaecarvrh', 'PLAYER_APPLICATION', 'cmlxnugie0002tgctwkhworbv', 'ID_PROOF', '/uploads/file-1771759475245-60952573.jpg', '360_F_290273933_ukYZjDv8nqgpOBcBUo5CQyFcxAzYlZRW.jpg', 21233, 'image/jpeg', 'VERIFIED', 'cmlxnho640000tgctjus0p1bu', '2026-02-22 11:24:35.256', NULL, '2026-02-22 11:24:35.259', '2026-02-22 11:24:35.259', NULL);
INSERT INTO public.documents (id, "ownerType", "ownerId", "documentType", "fileUrl", "fileName", "fileSize", "mimeType", "verificationStatus", "verifiedBy", "verifiedAt", "rejectionReason", "createdAt", "updatedAt", notes) VALUES ('cmlxomu2x0008tgctq2378otp', 'PLAYER_APPLICATION', 'cmlxnugie0002tgctwkhworbv', 'MEDICAL_REPORT_FOOTBALL', '/uploads/medicalReport-1771760799166-671106161.png', 'thumbnail.png', 27995, 'image/png', 'VERIFIED', 'cmltbxdaz0001u65m2pqe7sdd', '2026-02-22 11:46:39.176', NULL, '2026-02-22 11:46:39.177', '2026-02-22 11:46:39.177', 'Uploaded by coach from medical check section');
INSERT INTO public.documents (id, "ownerType", "ownerId", "documentType", "fileUrl", "fileName", "fileSize", "mimeType", "verificationStatus", "verifiedBy", "verifiedAt", "rejectionReason", "createdAt", "updatedAt", notes) VALUES ('cmls1pb7x0008ab4tb2x3w0ll', 'PLAYER_APPLICATION', 'cmls1pb7a0006ab4tshvgfc2n', 'ID_PROOF', '/uploads/file-1771419952646-760761802.jpg', '360_F_290273933_ukYZjDv8nqgpOBcBUo5CQyFcxAzYlZRW.jpg', 21233, 'image/jpeg', 'VERIFIED', NULL, '2026-02-18 13:05:52.651', NULL, '2026-02-18 13:05:52.653', '2026-02-18 13:05:52.653', NULL);
INSERT INTO public.documents (id, "ownerType", "ownerId", "documentType", "fileUrl", "fileName", "fileSize", "mimeType", "verificationStatus", "verifiedBy", "verifiedAt", "rejectionReason", "createdAt", "updatedAt", notes) VALUES ('cmlz580hb0003zb2r1ro7w0l5', 'PLAYER_APPLICATION', 'cmlz580gc0001zb2rbtpbdyxt', 'ID_PROOF', '/uploads/file-1771849127267-391431262.jpg', '4a5c2f2a828314d79432bb91afeb3ef3.jpg', 10175, 'image/jpeg', 'VERIFIED', 'cmlysyxzy0004g64k5kgy2ekw', '2026-02-23 12:18:47.276', NULL, '2026-02-23 12:18:47.279', '2026-02-23 12:18:47.279', NULL);
INSERT INTO public.documents (id, "ownerType", "ownerId", "documentType", "fileUrl", "fileName", "fileSize", "mimeType", "verificationStatus", "verifiedBy", "verifiedAt", "rejectionReason", "createdAt", "updatedAt", notes) VALUES ('cmlz580ix0005zb2rgftlpu97', 'PLAYER_APPLICATION', 'cmlz580gc0001zb2rbtpbdyxt', 'AADHAAR_CARD', '/uploads/file-1771849127309-304528202.png', 'Gemini_Generated_Image_iltl57iltl57iltl.png', 2055472, 'image/png', 'VERIFIED', 'cmlysyxzy0004g64k5kgy2ekw', '2026-02-23 12:18:47.334', NULL, '2026-02-23 12:18:47.338', '2026-02-23 12:18:47.338', NULL);
INSERT INTO public.documents (id, "ownerType", "ownerId", "documentType", "fileUrl", "fileName", "fileSize", "mimeType", "verificationStatus", "verifiedBy", "verifiedAt", "rejectionReason", "createdAt", "updatedAt", notes) VALUES ('cmm0j1f740001b95bsx1h480g', 'PLAYER_APPLICATION', 'cmlz580gc0001zb2rbtpbdyxt', 'MEDICAL_REPORT_FOOTBALL', '/uploads/medicalReport-1771932800499-510160260.png', 'Gemini_Generated_Image_iltl57iltl57iltl.png', 2055472, 'image/png', 'VERIFIED', 'cmltbxdaz0001u65m2pqe7sdd', '2026-02-24 11:33:20.555', NULL, '2026-02-24 11:33:20.557', '2026-02-24 11:33:20.557', 'Uploaded by coach from medical check section');


--
-- Data for Name: player_applications; Type: TABLE DATA; Schema: public; Owner: postgres
--

INSERT INTO public.player_applications (id, "userId", status, "fullName", "dateOfBirth", gender, "primaryPosition", "dominantFoot", height, weight, city, state, "emergencyContactName", "emergencyContactPhone", "emergencyContactRelation", "trialStatus", "trialId", "submittedAt", "reviewedBy", "reviewedAt", "rejectionReason", "resubmissionAttempts", "lastResubmissionAt", "createdAt", "updatedAt", pincode, nationality, "playerPhone", "preferredTeamIds", "emergencyContactsJson", district, sport, "aadhaarNumber") VALUES ('cmlqmox5g0002101i2ehs1ndi', 'cmlqmilcl0000101i329r21t1', 'UNDER_REVIEW', 'Dummy user 1', '2003-02-17 00:00:00', 'MALE', '["GOALKEEPER","DEFENDER","MIDFIELDER"]', 'RIGHT', 155, 45, 'ganesguri', 'assam', 'dummy user 2', '7867546789', 'father', 'COMPLETED', 'cmlqn8wc50002r73vw5ccqcxy', '2026-02-17 13:33:26.065', NULL, NULL, NULL, 0, NULL, '2026-02-17 13:17:54.004', '2026-02-17 13:46:44.63', '781004', 'INDIAN', '8876953679', '["cmlqlx52r0003r4ekxsyx6hx0"]', '[{"name":"dummy user 2","phone":"7867546789","relation":"father"}]', 'guwahati', NULL, NULL);
INSERT INTO public.player_applications (id, "userId", status, "fullName", "dateOfBirth", gender, "primaryPosition", "dominantFoot", height, weight, city, state, "emergencyContactName", "emergencyContactPhone", "emergencyContactRelation", "trialStatus", "trialId", "submittedAt", "reviewedBy", "reviewedAt", "rejectionReason", "resubmissionAttempts", "lastResubmissionAt", "createdAt", "updatedAt", pincode, nationality, "playerPhone", "preferredTeamIds", "emergencyContactsJson", district, sport, "aadhaarNumber") VALUES ('cmlrnenhl0002tf8thdrj25q1', 'cmlrmm2wq0000tf8t4dfv60w5', 'APPROVED', 'Dummy user 2', '2001-02-18 00:00:00', 'MALE', '["GOALKEEPER","MIDFIELDER","FORWARD","DEFENDER"]', 'RIGHT', 166, 45, 'Guwahati', 'Assam', 'Dummy user 2 mother', '7899999999', 'mother', 'COMPLETED', 'cmlrnenj60005tf8tf84j6wak', '2026-02-18 06:25:40.766', 'cmkqm5pvr0000hrlxpwduutwf', '2026-02-18 12:59:43.561', NULL, 0, NULL, '2026-02-18 06:25:40.713', '2026-02-18 12:59:43.563', '781021', 'INDIAN', '7878786876', '["cmlqlx52r0003r4ekxsyx6hx0"]', '[{"name":"Dummy user 2 mother","phone":"7899999999","relation":"mother"}]', 'Guwahati', NULL, NULL);
INSERT INTO public.player_applications (id, "userId", status, "fullName", "dateOfBirth", gender, "primaryPosition", "dominantFoot", height, weight, city, state, "emergencyContactName", "emergencyContactPhone", "emergencyContactRelation", "trialStatus", "trialId", "submittedAt", "reviewedBy", "reviewedAt", "rejectionReason", "resubmissionAttempts", "lastResubmissionAt", "createdAt", "updatedAt", pincode, nationality, "playerPhone", "preferredTeamIds", "emergencyContactsJson", district, sport, "aadhaarNumber") VALUES ('cmls27w8j000gab4tvmb2ll88', 'cmls215u4000eab4to3r28al3', 'APPROVED', 'Dummy user 5', '2002-02-18 00:00:00', 'MALE', '["GOALKEEPER","DEFENDER","MIDFIELDER","FORWARD"]', 'LEFT', 145, 60, 'dummy city', 'dummy state', 'dummy user 5 father', '6768798767', 'Father', 'COMPLETED', 'cmls27wa2000kab4t3rkqme2b', '2026-02-18 13:20:19.751', 'cmkqm5pvr0000hrlxpwduutwf', '2026-02-18 13:28:43.259', NULL, 0, NULL, '2026-02-18 13:20:19.699', '2026-02-18 13:28:43.263', '765433', 'INDIAN', '6767787678', '["cmlqlx52r0003r4ekxsyx6hx0"]', '[{"name":"dummy user 5 father","phone":"6768798767","relation":"Father"}]', 'dummy district', 'FOOTBALL', NULL);
INSERT INTO public.player_applications (id, "userId", status, "fullName", "dateOfBirth", gender, "primaryPosition", "dominantFoot", height, weight, city, state, "emergencyContactName", "emergencyContactPhone", "emergencyContactRelation", "trialStatus", "trialId", "submittedAt", "reviewedBy", "reviewedAt", "rejectionReason", "resubmissionAttempts", "lastResubmissionAt", "createdAt", "updatedAt", pincode, nationality, "playerPhone", "preferredTeamIds", "emergencyContactsJson", district, sport, "aadhaarNumber") VALUES ('cmltcnh05000cu65movnj9h5w', 'cmltcgpyc000au65m5m2di35v', 'APPROVED', 'Dummy user 6', '1999-02-19 00:00:00', 'MALE', '["GOALKEEPER","FORWARD"]', 'BOTH', 145, 51, 'Dummy city 1', 'Dummy state 1', 'Dummy user 6 Mother', '7659854745', 'Mother', 'COMPLETED', 'cmltcnmrr000iu65mleo06d1a', '2026-02-19 11:00:16.259', 'cmkqm5pvr0000hrlxpwduutwf', '2026-02-19 11:03:02.597', NULL, 0, NULL, '2026-02-19 11:00:08.789', '2026-02-19 11:03:02.598', '123432', 'INDIAN', '6767676767', '["cmltcf6ox0007u65mbr53ml6n"]', '[{"name":"Dummy user 6 Mother","phone":"7659854745","relation":"Mother"},{"name":"Dummy user 6 Father","phone":"88765767644","relation":"Father"}]', 'dummy district 1', 'FOOTBALL', NULL);
INSERT INTO public.player_applications (id, "userId", status, "fullName", "dateOfBirth", gender, "primaryPosition", "dominantFoot", height, weight, city, state, "emergencyContactName", "emergencyContactPhone", "emergencyContactRelation", "trialStatus", "trialId", "submittedAt", "reviewedBy", "reviewedAt", "rejectionReason", "resubmissionAttempts", "lastResubmissionAt", "createdAt", "updatedAt", pincode, nationality, "playerPhone", "preferredTeamIds", "emergencyContactsJson", district, sport, "aadhaarNumber") VALUES ('cmlxnugie0002tgctwkhworbv', 'cmlxnho640000tgctjus0p1bu', 'APPROVED', 'Febuary One', '2001-02-22 00:00:00', 'MALE', '["DEFENDER","FORWARD"]', 'RIGHT', 155, 55, 'Tezpur', 'Assam', 'Febuary One Father', '9888788789', 'Father', 'COMPLETED', 'cmlxnugkm0006tgctufxsxy50', '2026-02-22 11:24:35.291', 'cmkqm5pvr0000hrlxpwduutwf', '2026-02-22 11:52:35.479', NULL, 0, NULL, '2026-02-22 11:24:35.222', '2026-02-22 11:52:35.481', '786001', 'INDIAN', '9888788789', '["cmltcf6ox0007u65mbr53ml6n"]', '[{"name":"Febuary One Father","phone":"9888788789","relation":"Father"},{"name":"Febuary One Mother","phone":"9888788789","relation":"Mother"},{"name":"Febuary One Mother","phone":"9888788789","relation":"Mother"}]', 'Sonitpur', 'FOOTBALL', NULL);
INSERT INTO public.player_applications (id, "userId", status, "fullName", "dateOfBirth", gender, "primaryPosition", "dominantFoot", height, weight, city, state, "emergencyContactName", "emergencyContactPhone", "emergencyContactRelation", "trialStatus", "trialId", "submittedAt", "reviewedBy", "reviewedAt", "rejectionReason", "resubmissionAttempts", "lastResubmissionAt", "createdAt", "updatedAt", pincode, nationality, "playerPhone", "preferredTeamIds", "emergencyContactsJson", district, sport, "aadhaarNumber") VALUES ('cmlz580gc0001zb2rbtpbdyxt', 'cmlysyxzy0004g64k5kgy2ekw', 'UNDER_REVIEW', 'dummy user 1111', '2002-02-23 00:00:00', 'MALE', '["GOALKEEPER","DEFENDER"]', 'RIGHT', 175, 70, 'titabar', 'assam', 'dummy user 1111 father', '6000160001', 'Father', 'COMPLETED', 'cmlz580k10007zb2row6ke79g', '2026-02-23 12:18:47.371', NULL, NULL, NULL, 0, NULL, '2026-02-23 12:18:47.234', '2026-02-24 11:38:03.305', '765456', 'INDIAN', '6000060000', '["cmltcf6ox0007u65mbr53ml6n"]', '[{"name":"dummy user 1111 father","phone":"6000160001","relation":"Father"},{"name":"dummy user 1111 mother","phone":"6000260002","relation":"mother"}]', 'jorhat', 'FOOTBALL', '999941057058');


--
-- Data for Name: players; Type: TABLE DATA; Schema: public; Owner: postgres
--

INSERT INTO public.players (id, "playerId", "userId", "dateOfBirth", gender, "primaryPosition", "dominantFoot", "footballStatus", "displayName", photo, nickname, city, state, nationality, "profileVisibility", "bloodGroup", allergies, "chronicConditions", "injuryStatus", "emergencyContactName", "emergencyContactPhone", "emergencyContactRelation", "createdAt", "updatedAt", district) VALUES ('cmls1hefj0003ab4t5a2418be', 'PLR-6ED1', 'cmlrmm2wq0000tf8t4dfv60w5', '2001-02-18 00:00:00', 'MALE', '["GOALKEEPER","MIDFIELDER","FORWARD","DEFENDER"]', 'RIGHT', 'ACTIVE', NULL, NULL, NULL, 'Guwahati', 'Assam', NULL, 'PUBLIC', NULL, NULL, NULL, NULL, 'Dummy user 2 mother', '7899999999', 'mother', '2026-02-18 12:59:43.566', '2026-02-18 12:59:43.566', 'Guwahati');
INSERT INTO public.players (id, "playerId", "userId", "dateOfBirth", gender, "primaryPosition", "dominantFoot", "footballStatus", "displayName", photo, nickname, city, state, nationality, "profileVisibility", "bloodGroup", allergies, "chronicConditions", "injuryStatus", "emergencyContactName", "emergencyContactPhone", "emergencyContactRelation", "createdAt", "updatedAt", district) VALUES ('cmls2iosh000qab4t7zrwlcy1', 'PLR-AD00', 'cmls215u4000eab4to3r28al3', '2002-02-18 00:00:00', 'MALE', '["GOALKEEPER","DEFENDER","MIDFIELDER","FORWARD"]', 'LEFT', 'ACTIVE', NULL, NULL, NULL, 'dummy city', 'dummy state', NULL, 'PUBLIC', NULL, NULL, NULL, NULL, 'dummy user 5 father', '6768798767', 'Father', '2026-02-18 13:28:43.265', '2026-02-18 13:28:43.265', 'dummy district');
INSERT INTO public.players (id, "playerId", "userId", "dateOfBirth", gender, "primaryPosition", "dominantFoot", "footballStatus", "displayName", photo, nickname, city, state, nationality, "profileVisibility", "bloodGroup", allergies, "chronicConditions", "injuryStatus", "emergencyContactName", "emergencyContactPhone", "emergencyContactRelation", "createdAt", "updatedAt", district) VALUES ('cmltcr749000ou65m7u6s1qrz', 'PLR-6734', 'cmltcgpyc000au65m5m2di35v', '1999-02-19 00:00:00', 'MALE', '["GOALKEEPER","FORWARD"]', 'BOTH', 'ACTIVE', 'Dummy user 6', '/uploads/file-1771498808822-280609517.jpg', NULL, 'Dummy city 1', 'Dummy state 1', 'INDIAN', 'PUBLIC', NULL, NULL, NULL, NULL, 'Dummy user 6 Mother', '7659854745', 'Mother', '2026-02-19 11:03:02.601', '2026-02-19 11:03:02.607', 'dummy district 1');
INSERT INTO public.players (id, "playerId", "userId", "dateOfBirth", gender, "primaryPosition", "dominantFoot", "footballStatus", "displayName", photo, nickname, city, state, nationality, "profileVisibility", "bloodGroup", allergies, "chronicConditions", "injuryStatus", "emergencyContactName", "emergencyContactPhone", "emergencyContactRelation", "createdAt", "updatedAt", district) VALUES ('cmlxouh0e000ctgct6oasux1f', 'PLR-F232', 'cmlxnho640000tgctjus0p1bu', '2001-02-22 00:00:00', 'MALE', '["DEFENDER","FORWARD"]', 'RIGHT', 'ACTIVE', 'Febuary One', '/uploads/file-1771759475245-60952573.jpg', NULL, 'Tezpur', 'Assam', 'INDIAN', 'PUBLIC', NULL, NULL, NULL, NULL, 'Febuary One Father', '9888788789', 'Father', '2026-02-22 11:52:35.486', '2026-02-22 11:52:35.495', 'Sonitpur');


--
-- Data for Name: teams; Type: TABLE DATA; Schema: public; Owner: postgres
--

INSERT INTO public.teams (id, "teamId", name, location, status, "createdAt", "updatedAt") VALUES ('cmlqlx52r0003r4ekxsyx6hx0', 'TEAM-896A', 'team guwahati', 'guwahati', 'ACTIVE', '2026-02-17 12:56:17.908', '2026-02-17 12:56:17.908');
INSERT INTO public.teams (id, "teamId", name, location, status, "createdAt", "updatedAt") VALUES ('cmltcf6ox0007u65mbr53ml6n', 'TEAM-E58E', 'Team Vjay', 'Jayanagar', 'ACTIVE', '2026-02-19 10:53:42.177', '2026-02-19 10:53:42.177');


--
-- Data for Name: team_coaches; Type: TABLE DATA; Schema: public; Owner: postgres
--

INSERT INTO public.team_coaches (id, "teamId", "coachId", role, "startDate", "endDate", status, "createdAt", "updatedAt") VALUES ('cmlqlx52u0005r4ek9v7v4afg', 'cmlqlx52r0003r4ekxsyx6hx0', 'cmkw5jt9u0006j5zddrphaf1i', 'HEAD', '2026-02-17 12:56:17.911', NULL, 'ACTIVE', '2026-02-17 12:56:17.911', '2026-02-17 12:56:17.911');
INSERT INTO public.team_coaches (id, "teamId", "coachId", role, "startDate", "endDate", status, "createdAt", "updatedAt") VALUES ('cmltcf6p00009u65m9scjmkhj', 'cmltcf6ox0007u65mbr53ml6n', 'cmltbxdb10003u65mjhdatm9y', 'HEAD', '2026-02-19 10:53:42.181', NULL, 'ACTIVE', '2026-02-19 10:53:42.181', '2026-02-19 10:53:42.181');


--
-- Data for Name: team_creation_requests; Type: TABLE DATA; Schema: public; Owner: postgres
--

INSERT INTO public.team_creation_requests (id, "coachId", "requestedBy", name, location, status, "rejectionReason", "teamDbId", "reviewedBy", "reviewedAt", "createdAt", "updatedAt") VALUES ('cmlqlwhym0001r4ek94u9qrll', 'cmkw5jt9u0006j5zddrphaf1i', 'cmkw5jt9r0004j5zdnv6wjx0s', 'team guwahati', 'guwahati', 'APPROVED', NULL, 'cmlqlx52r0003r4ekxsyx6hx0', 'cmkqm5pvr0000hrlxpwduutwf', '2026-02-17 12:56:17.914', '2026-02-17 12:55:47.949', '2026-02-17 12:56:17.915');
INSERT INTO public.team_creation_requests (id, "coachId", "requestedBy", name, location, status, "rejectionReason", "teamDbId", "reviewedBy", "reviewedAt", "createdAt", "updatedAt") VALUES ('cmltcelqn0005u65mg764ytej', 'cmltbxdb10003u65mjhdatm9y', 'cmltbxdaz0001u65m2pqe7sdd', 'Team Vjay', 'Jayanagar', 'APPROVED', NULL, 'cmltcf6ox0007u65mbr53ml6n', 'cmkqm5pvr0000hrlxpwduutwf', '2026-02-19 10:53:42.184', '2026-02-19 10:53:15.023', '2026-02-19 10:53:42.185');


--
-- Data for Name: tournaments; Type: TABLE DATA; Schema: public; Owner: postgres
--

INSERT INTO public.tournaments (id, "tournamentId", name, sport, level, "genderCategory", "ageCategory", status, "startDate", "endDate", "registrationDeadline", "createdAt", "updatedAt", "completedAt", "createdBy", "entryFeeCents", "matchDurationMinutes", "maxAge", "maxSquadSize", "minAge", "minSquadSize", "numberOfHalves", "numberOfTeams", "ongoingSince", "pointsForDraw", "pointsForLoss", "pointsForWin", "prizePoolDescription", "publishedAt", "publishedBy", "requiredDocuments", "tieBreakRules", format, venue) VALUES ('cmm0lyq8e0001ydd92turiva0', 'TMT-8A42', 'tournamnet 1', 'FOOTBALL', 'DISTRICT', 'Boys', '15', 'PUBLISHED', '2026-02-24 00:00:00', '2026-02-28 00:00:00', '2026-02-23 00:00:00', '2026-02-24 12:55:13.741', '2026-02-24 12:56:53.062', NULL, 'cmkqm5pvr0000hrlxpwduutwf', 1000, 90, 15, 15, 14, 10, 10, 10, NULL, 5, 50, 85, 'tournament in Guwahati', '2026-02-24 12:56:53.06', 'cmkqm5pvr0000hrlxpwduutwf', 'adhar card', 'goal-head', NULL, NULL);


--
-- Data for Name: tournament_applications; Type: TABLE DATA; Schema: public; Owner: postgres
--



--
-- Data for Name: tournament_application_players; Type: TABLE DATA; Schema: public; Owner: postgres
--



--
-- Data for Name: tournament_config_snapshots; Type: TABLE DATA; Schema: public; Owner: postgres
--

INSERT INTO public.tournament_config_snapshots (id, "tournamentDbId", "snapshotAt", "snapshotBy", "configJson") VALUES ('cmm0m0uvd0004ydd9ge160sfb', 'cmm0lyq8e0001ydd92turiva0', '2026-02-24 12:56:53.065', 'cmkqm5pvr0000hrlxpwduutwf', '{"identity":{"id":"cmm0lyq8e0001ydd92turiva0","tournamentId":"TMT-8A42","name":"tournamnet 1","sport":"FOOTBALL","level":"DISTRICT","genderCategory":"Boys","ageCategory":"15"},"format":{"matchDurationMinutes":90,"numberOfHalves":10,"pointsForWin":85,"pointsForDraw":5,"pointsForLoss":50,"tieBreakRules":"goal-head"},"schedule":{"startDate":"2026-02-24T00:00:00.000Z","endDate":"2026-02-28T00:00:00.000Z","registrationDeadline":"2026-02-23T00:00:00.000Z"},"squadEligibility":{"minSquadSize":10,"maxSquadSize":15,"minAge":14,"maxAge":15,"requiredDocuments":"adhar card"},"finance":{"entryFeeCents":1000,"prizePoolDescription":"tournament in Guwahati"}}');


--
-- Data for Name: tournament_referee_assignments; Type: TABLE DATA; Schema: public; Owner: postgres
--



--
-- Data for Name: trials; Type: TABLE DATA; Schema: public; Owner: postgres
--

INSERT INTO public.trials (id, "applicationId", status, "assignedCoachId", outcome, notes, "evaluatedAt", "scheduledDate", "scheduledTime", venue, "createdAt", "updatedAt", "medicalChecklistJson", "medicalReportDocumentId", "medicalVerified", "aadhaarVerified") VALUES ('cmlqn8wc50002r73vw5ccqcxy', 'cmlqmox5g0002101i2ehs1ndi', 'COMPLETED', 'cmkw5jt9u0006j5zddrphaf1i', 'RECOMMENDED', NULL, '2026-02-17 13:46:44.626', NULL, NULL, NULL, '2026-02-17 13:33:26.07', '2026-02-17 13:46:44.628', NULL, NULL, NULL, NULL);
INSERT INTO public.trials (id, "applicationId", status, "assignedCoachId", outcome, notes, "evaluatedAt", "scheduledDate", "scheduledTime", venue, "createdAt", "updatedAt", "medicalChecklistJson", "medicalReportDocumentId", "medicalVerified", "aadhaarVerified") VALUES ('cmlrnenj60005tf8tf84j6wak', 'cmlrnenhl0002tf8thdrj25q1', 'COMPLETED', 'cmkw5jt9u0006j5zddrphaf1i', 'RECOMMENDED', NULL, '2026-02-18 12:40:00.811', NULL, NULL, NULL, '2026-02-18 06:25:40.77', '2026-02-18 12:40:00.812', NULL, 'cmlrz5kix0001ifnwuupzqv2t', NULL, NULL);
INSERT INTO public.trials (id, "applicationId", status, "assignedCoachId", outcome, notes, "evaluatedAt", "scheduledDate", "scheduledTime", venue, "createdAt", "updatedAt", "medicalChecklistJson", "medicalReportDocumentId", "medicalVerified", "aadhaarVerified") VALUES ('cmls27wa2000kab4t3rkqme2b', 'cmls27w8j000gab4tvmb2ll88', 'COMPLETED', 'cmkw5jt9u0006j5zddrphaf1i', 'RECOMMENDED', NULL, '2026-02-18 13:27:51.345', NULL, NULL, NULL, '2026-02-18 13:20:19.754', '2026-02-18 13:27:51.347', '{"q1":{"question":"Injury in last 6 months","yes":false,"no":true},"q2":{"question":"Current pain/discomfort while activity","yes":false,"no":true},"q3":{"question":"Medication/medical treatment ongoing","yes":false,"no":true}}', 'cmls2gu2c000mab4to6k4bsma', true, NULL);
INSERT INTO public.trials (id, "applicationId", status, "assignedCoachId", outcome, notes, "evaluatedAt", "scheduledDate", "scheduledTime", venue, "createdAt", "updatedAt", "medicalChecklistJson", "medicalReportDocumentId", "medicalVerified", "aadhaarVerified") VALUES ('cmltcnmrr000iu65mleo06d1a', 'cmltcnh05000cu65movnj9h5w', 'COMPLETED', 'cmltbxdb10003u65mjhdatm9y', 'RECOMMENDED', NULL, '2026-02-19 11:02:12.511', NULL, NULL, NULL, '2026-02-19 11:00:16.264', '2026-02-19 11:02:12.513', '{"q1":{"question":"Injury in last 6 months","yes":true,"no":false},"q2":{"question":"Current pain/discomfort while activity","yes":false,"no":true},"q3":{"question":"Medication/medical treatment ongoing","yes":false,"no":true}}', 'cmltcptwm000ku65mkzo2cn4q', true, NULL);
INSERT INTO public.trials (id, "applicationId", status, "assignedCoachId", outcome, notes, "evaluatedAt", "scheduledDate", "scheduledTime", venue, "createdAt", "updatedAt", "medicalChecklistJson", "medicalReportDocumentId", "medicalVerified", "aadhaarVerified") VALUES ('cmlxnugkm0006tgctufxsxy50', 'cmlxnugie0002tgctwkhworbv', 'COMPLETED', 'cmltbxdb10003u65mjhdatm9y', 'RECOMMENDED', 'notes', '2026-02-22 11:47:23.98', NULL, NULL, NULL, '2026-02-22 11:24:35.303', '2026-02-22 11:47:23.981', '{"q1":{"question":"Injury in last 6 months","yes":true,"no":false},"q2":{"question":"Current pain/discomfort while activity","yes":false,"no":true},"q3":{"question":"Medication/medical treatment ongoing","yes":false,"no":true}}', 'cmlxomu2x0008tgctq2378otp', true, NULL);
INSERT INTO public.trials (id, "applicationId", status, "assignedCoachId", outcome, notes, "evaluatedAt", "scheduledDate", "scheduledTime", venue, "createdAt", "updatedAt", "medicalChecklistJson", "medicalReportDocumentId", "medicalVerified", "aadhaarVerified") VALUES ('cmlz580k10007zb2row6ke79g', 'cmlz580gc0001zb2rbtpbdyxt', 'COMPLETED', 'cmltbxdb10003u65mjhdatm9y', 'RECOMMENDED', 'notes ', '2026-02-24 11:38:03.301', NULL, NULL, NULL, '2026-02-23 12:18:47.377', '2026-02-24 11:38:03.302', '{"q1":{"question":"Injury in last 6 months","yes":false,"no":true},"q2":{"question":"Current pain/discomfort while activity","yes":false,"no":true},"q3":{"question":"Medication/medical treatment ongoing","yes":true,"no":false}}', 'cmm0j1f740001b95bsx1h480g', true, NULL);


--
-- PostgreSQL database dump complete
--

\unrestrict NJ2ExabCTRhDoCEXH5LSYzLJgtc8rAYXWH1Lgng9SZWlxkdE54kvPZRJiPeQe9T

